timestamp,x,y,z,smvs
0.4,-0.0055514107582,0.003567663414178,0.006926862920662,0
0.5,-0.010330423992623,0.004324185632115,-0.003912476604079,0
0.601,-0.006706466365003,0.003348255174087,-0.004613006282311,0
0.701,-0.006346314578126,0.003077722723225,-0.003748435173547,0
0.801,-0.004713078975306,0.004859393130676,0.0010547483566,0
0.901,-0.004509274140675,0.004878919387889,0.000596266977294,0
1.001,-0.007089824424766,0.004545036403907,-0.002084162846997,0
1.102,-0.007810918020702,0.003742786247008,0.001189520310505,0
1.202,-0.007626090654746,0.002710179946085,0.0045861435974,0
1.302,-0.008618701342926,0.003790438545938,0.001448519885271,0
1.402,-0.004528539160122,0.003513864652547,0.002204476153956,0
1.502,-0.006884428257885,0.003852272654633,0.001188086258701,0
1.602,-0.010351412339143,0.003341517344836,-0.002741838334144,0
1.703,-0.015821648124319,0.001522598096354,-0.029159496760589,0
1.803,-0.009838676630263,-0.000811717280641,-0.04610004404706,0
1.903,0.005741417350712,8.77930093829981E-05,-0.046761926551623,0
2.003,0.019026347190461,0.000233793143041,-0.060188073218743,0
2.103,0.043087908305753,0.003557827359092,-0.067855052150612,0
2.205,0.076130614899324,0.009312725011092,-0.051275848213376,0
2.304,0.108502906733354,0.008807235457626,-0.057139587390702,0
2.404,0.147866595431224,0.017388171387794,-0.080229310468019,0
2.504,0.190009585357213,0.013170281701547,-0.068165018713257,0
2.605,0.24049228578049,0.00482211358744,-0.109991133948924,0
2.705,0.286316565060317,0.015037307627563,-0.125573418634281,0
2.805,0.34600625910392,0.019922549531317,-0.092702681958206,0
2.905,0.41304381897823,0.016977653631266,-0.096002922723502,0
3.005,0.488024172259635,0.02498493726263,-0.077316382838999,0
3.106,0.562899630538586,0.031906785412872,-0.066455478023809,0
3.206,0.639394084896876,0.029743629553067,-0.073033599956558,0
3.306,0.721038879452868,0.035477193146361,-0.055290450044028,0
3.406,0.803985749233303,0.043668202512889,-0.011793843771441,0
3.506,0.889335262279252,0.051777739672193,0.00050139960191,0
3.606,0.972901429216341,0.046916504209981,0.026550042947172,0
3.707,1.05525551455071,0.052779429493474,0.030856540344243,0
3.807,1.14300397043175,0.047934752738342,0.028845957502272,0
3.907,1.21820276126406,0.047737269489746,-0.014867045079405,0
4.007,1.30495534061962,0.052939339534394,-0.040946128079857,0
4.107,1.38706887229226,0.053727273794736,-0.034667291575884,0
4.208,1.48432013056319,0.046056350944518,-0.025373909553027,0
4.308,1.57512597082265,0.061160376138777,-0.04449590510006,0
4.408,1.67442763633281,0.060161198211617,-0.020034370567115,0
4.508,1.7645687260628,0.051789545001913,-0.025320785692739,0
4.608,1.86132420248423,0.057340273079006,-0.034585067841587,0
4.709,1.94934103977513,0.0642382772369,0.00410762315675,0
4.809,2.04943094795151,0.055120716217676,0.020254723282053,0
4.909,2.13864733567833,0.06498205592177,0.00468796329503,0
5.009,2.23289084694646,0.065278776200019,0.025197151539701,0
5.109,2.33099477167743,0.068575205618594,0.030026797309188,0
5.21,2.42401092003327,0.059299121287986,0.024553045372655,0
5.31,2.51827973959472,0.048898459606532,0.043322133242105,0
5.41,2.59534480089949,0.078031269154372,0.058247552764083,0
5.51,2.68085538268154,0.08448262939983,0.066594448593184,0
5.61,2.76362095438139,0.075835768475662,0.065745886695867,0
5.711,2.84034190182758,0.067598334588532,0.051046785817731,0
5.811,2.9182414403725,0.068241631894633,0.055941385212823,0
5.911,2.99395805395587,0.080611456016699,0.073658826552377,0
6.011,3.05387520204306,0.104048532926176,0.079803458659742,0
6.111,3.12415883737011,0.107128387842993,0.047651043730215,0
6.212,3.1924506235173,0.096813997806256,0.005749605085706,0
6.312,3.2629782962742,0.099987971310568,0.008646607629653,0
6.412,3.3194717962157,0.11326862559542,-0.010037404882584,0
6.512,3.38421335037168,0.142031617650691,-0.021485353216586,0
6.612,3.46362145632275,0.145596510745898,0.023710121205946,0
6.713,3.5438941237043,0.143199269485414,0.01286637513883,0
6.813,3.62147029458524,0.165318406265471,0.025231707298317,0
6.913,3.69266667204314,0.188204647112693,0.067222880950194,0
7.013,3.75761546011967,0.20965128286128,0.01537718699022,0
7.113,3.83568924870957,0.219477388134146,0.032069970375913,0
7.214,3.9116850090288,0.222078128983578,0.00630595982547,0
7.314,3.98561703546065,0.246332323989619,-0.005726730262785,0
7.414,4.06555866345097,0.262473269055023,-0.004237617262674,0
7.514,4.14992358588087,0.287451778410792,-0.04012291693156,0
7.614,4.24868856090747,0.296169013631537,-0.00385518849708,0
7.715,4.34659399546214,0.305183814428388,-0.032659726079179,0
7.815,4.44864549458446,0.337408254822752,-0.015088782852287,0
7.915,4.55727256284673,0.341115220887048,0.020344109972153,0
8.015,4.66838386257046,0.361089585456972,0.020927923211568,0
8.115,4.7705146779807,0.388831925275697,0.035147088346649,0
8.216,4.87782463924547,0.407159469715431,0.036731748247618,0
8.316,4.97459646733198,0.434072496005078,0.033022501506043,0
8.416,5.06927505324101,0.455792172142737,0.042215469235036,0
8.516,5.17695725290532,0.463923412531438,0.058807163682771,0
8.616,5.27691919784767,0.493132172175338,0.050495846212201,0
8.717,5.38164346770692,0.509068462847654,0.085575526621766,0
8.817,5.47387238688497,0.536499471429886,0.061776175770982,0
8.917,5.56562490435484,0.56718065297199,0.044715195218108,0
9.017,5.66146748153295,0.605291156713719,0.058672840686515,0
9.117,5.77042685686321,0.607874550089509,0.033451671699206,0
9.218,5.88013927451221,0.615699966468545,0.028259304334397,0
9.318,5.96879240034794,0.663396598841975,0.052922118509627,0
9.418,6.07177482536825,0.682464965729525,0.063637457710991,0
9.518,6.17220751621235,0.708281502473703,0.060974625899791,0
9.618,6.2785347495808,0.740169017375805,0.041319828881583,0
9.719,6.36943154926437,0.764592815375303,0.040658759027114,0
9.819,6.47088975096637,0.786368216857084,0.036663747446555,0
9.919,6.57636501884003,0.79786943087234,0.038527647694607,0
10.019,6.68009475608827,0.817312604812456,0.035877252731294,0
10.119,6.77310410344245,0.876618531410652,0.03569685763016,0
10.219,6.86834327483649,0.899944328159495,0.048380161923922,0
10.32,6.98533207989404,0.895935032794645,0.029926315349915,0
10.42,7.08497975544469,0.932688814469555,0.058658433018602,0
10.52,7.17947033109508,0.962030472287922,0.053800801392714,0
10.62,7.28855242453511,0.96739042195142,0.025332645651651,0
10.72,7.3840134246184,1.00206684492715,0.031909826549032,0
10.821,7.48661681911121,1.02220986750876,0.050886452702646,0
10.921,7.69771553659125,1.04860077562149,0.084482562513584,0
11.021,7.69928338633277,1.04510027350813,0.081158162278339,0
11.121,7.79874361434838,1.09317319344983,0.134702816647095,0
11.221,7.90456867020774,1.1280887863782,0.11743074694875,0
11.322,8.01793111541143,1.12714280163702,0.106555174073382,0
11.422,8.12806567278678,1.14518904117203,0.076453846518547,0
11.523,8.22440951152177,1.18121479928255,0.066832636173156,0
11.622,8.3339846730875,1.19402668093194,0.052029821605579,0
11.722,8.4373457284102,1.21347330015616,0.03868644399689,0
11.823,8.53030872743938,1.24740976880334,0.056252958862302,0
11.923,8.62343141739618,1.27911241280991,0.050806970305319,0
12.023,8.72205188847378,1.30501993872891,0.040626386269062,0
12.123,8.82046614406781,1.32468034524638,0.062407842335128,0
12.223,8.93131600353537,1.32799902066156,0.06267949264876,0
12.324,9.0340042683853,1.35914943450592,0.047878317836917,0
12.425,9.13419175069653,1.39101180793369,0.047793314461067,0
12.524,9.23880303344703,1.40596774299826,0.053165415900875,0
12.624,9.33974696824229,1.42915524112721,0.045502528207452,0
12.724,9.44178260887218,1.45412908549272,0.050847958970554,0
12.825,9.53322356900747,1.48484942776133,0.076398671441885,0
12.925,9.64143604315385,1.49738801757899,0.045992543115874,0
13.025,9.75570390883582,1.5186437302139,0.050511385354405,0
13.125,9.85030192122588,1.55305903906702,0.081714942021182,0
13.225,9.9504553654954,1.57877988873984,0.069930885294959,0
13.326,10.0618181973678,1.58745035114126,0.060332362308085,0
13.426,10.1478354431862,1.62458426468586,0.070452215836848,0
13.526,10.2567283888327,1.63478060542145,0.080659740096617,0
13.626,10.3675138691036,1.64202676411504,0.08610519792188,0
13.727,10.4698799742176,1.67541459940028,0.088042855039571,0
13.827,10.586966005604,1.69741480737422,0.073322255161598,0
13.927,10.6878571046312,1.72378979748688,0.056163429650297,0
14.027,10.7961326760994,1.7488814570013,0.069859352419877,0
14.127,10.8984801413621,1.77215841349244,0.021499915824673,0
14.227,11.0032602802326,1.782121234674,0.032842078850775,0
14.328,11.0952208431044,1.79680770989759,0.049793540404912,0
14.431,11.1949294177354,1.82215706027561,0.024765894742664,0
14.528,11.2891789058814,1.85084503079699,0.027240225546864,0
14.628,11.3744811095977,1.85907095694351,0.059404653081455,0
14.728,11.4855042805441,1.83905657016396,0.07574230434198,0
14.829,11.5808579111223,1.86290146618017,0.090145120719446,0
14.929,11.6664951254955,1.89352666020472,0.0997028678426,0
15.029,11.8426526522574,1.97297320617713,0.031508480790066,0
15.129,11.8421098823294,1.9741227255504,0.019873240919703,0
15.229,11.9082746824275,1.98685470918341,0.024716271097396,0
15.33,11.9745852547465,2.01455049506853,0.0566884796094,0
15.43,12.1181347838999,2.08873628141465,0.046968289001043,0
15.53,12.1185707218519,2.08686565918601,0.043230198951208,0
15.63,12.2229086322351,2.12704183266695,0.032116929582994,0
15.73,12.3219569082549,2.1606762980781,0.042635692780868,0
15.831,12.4166486999481,2.20042354132985,0.044787323856238,0
15.931,12.6272544066505,2.28467232183127,0.022475280664905,0
16.031,12.6259577940714,2.2843878936446,0.020233720640325,0
16.131,12.7080650028781,2.33125549092608,0.044157341487393,0
16.231,12.7945172200559,2.35378902130983,0.024806922480759,0
16.332,12.883407485455,2.37757090715212,0.045773929949182,0
16.432,12.9787030857753,2.4580354214798,0.060928116512038,0
16.532,13.0672075337456,2.46110441124053,0.036703145167054,0
16.632,13.1580505442319,2.54381080937413,0.004867338692646,0
16.732,13.2434617694659,2.58151524504701,0.032356611499345,0
16.833,13.3274447323676,2.63636552045609,0.004616027570412,0
16.933,13.4956245336944,2.73323685430355,0.007063952983847,0
17.033,13.5814953061637,2.78459328976612,0.021623290403959,0
17.133,13.5804006104439,2.78512284079134,0.024549797333684,0
17.233,13.6356408836433,2.853088818785,0.013788556440524,0
17.333,13.7051409387501,2.91443172533451,0.009191687148367,0
17.434,13.7802824616448,2.96573854984823,0.008118502179895,0
17.534,13.8476496507547,3.02779129675745,0.000491697994198,0
17.634,13.9179541663577,3.09120213347648,0.010701301930582,0
17.734,13.9802293608403,3.15635681517697,0.020269170804943,0
17.834,14.0448327190668,3.22710860437353,0.004348378110633,0
17.935,14.1189419562379,3.30818046961911,0.006020426108522,0
18.035,14.1782754246485,3.36045022711501,0.015559822962592,0
18.135,14.2415337602576,3.43010670278533,0.004725245095336,0
18.235,14.3028558756706,3.52301547238579,-0.010124818765788,0
18.335,14.3586758337933,3.57713676043059,-0.002521698539614,0
18.436,14.4160265292555,3.66094618886397,-0.024499060454957,0
18.536,14.4667815433778,3.71298738126728,-0.02050177805034,0
18.636,14.5281486414899,3.80503379136182,-0.018328241335892,0
18.736,14.5739230981192,3.88456290110063,-0.016087121988296,0
18.836,14.6234733126904,3.95303260479841,0.008394041850814,0
18.937,14.6788762852201,4.04123715212733,-0.010161791751969,0
19.037,14.7194173554794,4.12600657547646,-0.020440661121615,0
19.137,14.7696535149506,4.28500504921909,-0.015279294331105,0
19.239,14.78156403179,4.30507454799027,-0.019015627039905,0
19.337,14.8354453380953,4.40126592650745,-0.048857914878403,0
19.438,14.8737431941185,4.45955568424773,-0.06599316205177,0
19.538,14.9403459070611,4.61134602536002,-0.057721096198173,0
19.638,14.9573975276305,4.67130750749668,-0.094422562661746,0
19.738,14.9693983916445,4.75600560935625,-0.106492375286956,0
19.839,14.9815665075497,4.86202156913069,-0.117795921041744,0
19.939,15.0028126056891,4.9216000141471,-0.13203743034915,0
20.039,15.0339698605589,4.96694118371166,-0.137519164497523,0
20.139,15.0432603732945,5.04982495859042,-0.096699098017588,0
20.242,15.0574128681668,5.1487473840033,-0.079700486061449,0
20.339,15.0690139216151,5.21433326356764,-0.073683577281701,0
20.44,15.0748908773857,5.30677383114167,-0.049933359889031,0
20.54,15.0718993688355,5.4358387763145,-0.053540538196581,0
20.64,15.0723378777876,5.47151864244564,-0.039302363310101,0
20.74,15.0628026368032,5.63621791402885,-0.055500520955673,0
20.84,15.0640336903307,5.72410427212297,-0.044507906473469,0
20.941,15.0637256057729,5.72715240369832,-0.041191032036481,0
21.041,15.0557231691503,5.87643892001015,-0.031205348293682,0
21.141,15.0584795298235,5.95474637438128,-0.022998036971728,0
21.241,15.0523130806019,6.06649152859052,-0.029551215757283,0
21.341,15.0409516357352,6.179036474774,-0.013498117569657,0
21.442,15.037874247278,6.2668265540354,-0.013878932804457,0
21.542,15.0295805140934,6.37245649982618,-0.012306377403264,0
21.643,15.0308638982783,6.48151021879811,-0.004013857155829,0
21.742,15.0250975684525,6.58799440316293,0.007123899129835,0
21.842,15.0144638906292,6.69700803014675,0.017193959891594,0
21.943,15.0079914932053,6.79395146272516,0.035942103198855,0
22.043,15.0017034242289,6.90374454014657,0.033306394644238,0
22.143,14.9907343180283,7.02141680766557,0.044447659362851,0
22.244,14.98682023666,7.14555865461574,0.059465524980545,0
22.343,14.9815795462748,7.25538266205307,0.063259656274147,0
22.444,14.9755054131576,7.37262969456885,0.078600568923014,0
22.544,14.9680154916464,7.58320451569533,0.101458274989544,0
22.644,14.9682067271821,7.58494957597307,0.101524522059608,0
22.744,14.9645480955825,7.68343539613613,0.101508990363605,0
22.844,14.9550989135336,7.79433750262073,0.106706595719362,0
22.945,14.9453583407753,7.8888911105457,0.092293938284421,0
23.047,14.9172590492446,8.09147793035515,0.092549862486905,0
23.145,14.9281583823657,8.04330017301287,0.093965895123686,0
23.245,14.8855263477828,8.27080006137476,0.103036581454024,0
23.345,14.9121066096653,8.21478204592587,0.114860495740869,0
23.446,14.8712223801749,8.48190170579421,0.119042627314674,0
23.546,14.8721154823402,8.49054591961244,0.1186466909082,0
23.646,14.8589490317949,8.61409902725374,0.11517870789036,0
23.746,14.8206854064525,8.83144548704828,0.120507296776476,0
23.846,14.8387322625074,8.78175832010827,0.116819894108951,0
23.947,14.8218435828591,8.91865770875479,0.133861029348759,0
24.047,14.7964680468058,9.1362122027086,0.137268183703348,0
24.147,14.7898975405671,9.24598532283284,0.154343093836952,0
24.247,14.7814802082538,9.3630120484944,0.164380754604084,0
24.347,14.7758849524309,9.4814265079495,0.165798108316042,0
24.45,14.7762389912825,9.48106181971294,0.164281529411957,0
24.548,14.7650054995957,9.61780863014639,0.175328294674875,0
24.648,14.7632846000363,9.69565850364765,0.150990531747348,0
24.748,14.7509782053149,9.91460337459718,0.153565681542051,0
24.848,14.7504802278234,9.91584314617888,0.154902451692666,0
24.948,14.7352708444406,10.0387078382664,0.150425864245051,0
25.049,14.7404495162174,10.1063009290523,0.149415048202895,0
25.149,14.7151484944586,10.2358693749124,0.167855633971006,0
25.249,14.7078556142126,10.331519270803,0.165464143161376,0
25.349,14.6906410410422,10.4372321028976,0.152527625518457,0
25.449,14.6877321186509,10.5388368331744,0.15898368167022,0
25.55,14.6710506802501,10.6488576113813,0.164142420156987,0
25.65,14.6599244389836,10.7606246303305,0.163107860186362,0
25.75,14.6489735934186,10.8597965331496,0.167382280645604,0
25.85,14.6371163456298,10.9745054667422,0.160424575112887,0
25.95,14.6231584056535,11.0753643725536,0.156995694212268,0
26.051,14.6166780124098,11.1793083471127,0.156382238199579,0
26.151,14.6039422744937,11.2757628798176,0.153908194812536,0
26.251,14.596011471771,11.3791496277189,0.151283339975694,0
26.351,14.5838827086875,11.486872417897,0.150029510896113,0
26.451,14.5791215529826,11.5848638059042,0.159022852882988,0
26.552,14.5627434320359,11.797790612186,0.160769444791327,0
26.652,14.5631880732619,11.7982318543918,0.160666619158957,0
26.753,14.5525921682239,11.9021880414175,0.151982538083066,0
26.852,14.535683234923,12.0132291039793,0.152432746765741,0
26.952,14.5187045898028,12.2220749434751,0.159973464110486,0
27.053,14.5187195013454,12.2211619583256,0.161544136808699,0
27.153,14.5034618550229,12.3153358657435,0.153930078241332,0
27.253,14.4899337579465,12.4161022138977,0.163155568166878,0
27.353,14.4719912311994,12.5353057954846,0.152327269261528,0
27.457,14.4692465134154,12.6322559160274,0.157588870615727,0
27.555,14.4632717842123,12.7355215822545,0.159468608390762,0
27.654,14.4516910565342,12.8393860444496,0.156790856541299,0
27.754,14.4482787578373,12.9364707901278,0.159737249146438,0
27.854,14.4095857966194,13.1752642564958,0.142988999268333,0
27.954,14.4127878302613,13.1177015826921,0.159942033369556,0
28.055,14.3966899161888,13.3384038003491,0.157807020363939,0
28.155,14.3992966156738,13.3428989690593,0.157574352611601,0
28.255,14.3922605833855,13.458066736381,0.163961852854457,0
28.356,14.3682734827831,13.6799504553248,0.158765484973807,0
28.455,14.3642054090437,13.7601567941837,0.170024868177515,0
28.556,14.3535770082806,13.8561175248383,0.17409763256216,0
28.656,14.3400312833968,13.9679744230162,0.173778317029453,0
28.756,14.3391522111931,13.9713753709316,0.173028574291339,0
28.856,14.3252970872145,14.0793018640198,0.168909370865904,0
28.956,14.3095825063906,14.1923635378911,0.174923678562183,0
29.057,14.3142069061758,14.2931178405524,0.176579228273288,0
29.159,14.2989328715505,14.3889385803649,0.168821142194005,0
29.257,14.2899098804464,14.4913149104116,0.174637257766836,0
29.357,14.2826722817789,14.5894403562196,0.17961446672514,0
29.457,14.2732538410212,14.6903258747878,0.185677028948543,0
29.558,14.2410990345451,14.9009740904221,0.1857496052735,0
29.658,14.2419851398356,14.9017087400032,0.185726314343044,0
29.758,14.2391121698712,15.0115780009654,0.188610573245414,0
29.858,14.2362537758123,15.1185031012718,0.191974810799515,0
29.958,14.2235484540017,15.2283660399415,0.193673715615583,0
30.059,14.2077289217595,15.424429697344,0.201271187922804,0
30.159,14.2116510610167,15.4213584349569,0.200146882519635,0
30.259,14.2085893159682,15.5317376296204,0.202649546143226,0
30.359,14.2000767466164,15.6269049259881,0.195911386024806,0
30.459,14.1899287176327,15.7326732702586,0.202807999974003,0
30.559,14.1789268475551,15.8372512310931,0.207305945939073,0
30.66,14.1738451864049,15.9486703097904,0.211002713688527,0
30.76,14.1658346382237,16.0478180850803,0.218482514038576,0
30.86,14.1510955677198,16.1535450648181,0.216564657094252,0
30.96,14.1424967460995,16.2476957991952,0.221904254457565,0
31.061,14.1345653429918,16.3490409592287,0.225440179547479,0
31.161,14.1216959041507,16.4572542432042,0.227350924759577,0
31.261,14.1073179123673,16.5539754630473,0.228588873207401,0
31.361,14.0923156932787,16.6555398471616,0.228396569280606,0
31.461,14.0876629504341,16.7591365276722,0.235500721481006,0
31.562,14.0821686878007,16.8686464436035,0.236011822073494,0
31.662,14.0718546203756,16.9775666437861,0.237736608283257,0
31.762,14.069496914692,17.0740517112526,0.246672887041083,0
31.862,14.0543235096209,17.1805892996168,0.246502546984926,0
31.962,14.0456253250564,17.2816689801664,0.252677514008674,0
32.063,14.0255442835452,17.3847872290546,0.256130412973326,0
32.163,14.0061834627593,17.5852914998752,0.269056383515398,0
32.263,14.0098121716587,17.5858708861961,0.269349758000923,0
32.363,14.0017277327942,17.7006703059467,0.275203272815309,0
32.463,13.9839650833568,17.8042992504503,0.282528530489768,0
32.563,13.9812406885592,17.9133237704897,0.283449608051427,0
32.664,13.973714933941,18.0291999947611,0.294723306052431,0
32.764,13.9565908095852,18.2298536503514,0.294153962748407,0
32.864,13.9574665303605,18.2274720421717,0.290403032997765,0
32.964,13.9545260481928,18.3373845821754,0.288651485502954,0
33.064,13.9471431393857,18.4284120548768,0.287683460074966,0
33.165,13.9368848695894,18.5318944631706,0.289170246074577,0
33.265,13.9319906925998,18.6367485457979,0.294265595252104,0
33.365,13.9283469963827,18.7295990113253,0.294524858193204,0
33.465,13.9163351735417,18.9354194230492,0.292925050088553,0
33.565,13.9079635107847,19.0400722774566,0.298218038690482,0
33.666,13.9039208305008,19.0415111415957,0.297631442061128,0
33.766,13.8905070672037,19.1378958194743,0.306949724227016,0
33.866,13.8900063330105,19.2923956845599,0.32594814813281,0
33.966,13.8892468858036,19.2870843485754,0.326375122208355,0
34.066,13.8595345348116,19.367818356507,0.323663663413202,0
34.167,13.8231399757725,19.4511108532307,0.322832999829149,0
34.267,13.7909902685074,19.5310960060581,0.31782376589614,0
34.367,13.7274064599972,19.6773204888822,0.322072674427917,0
34.467,13.7323413192471,19.6755205814553,0.322254938333324,0
34.567,13.7127740819043,19.764069255922,0.32563864025892,0
34.668,13.6521086547868,19.9492170959339,0.329350636522535,0
34.768,13.6568229557134,19.9524752812616,0.327776986709482,0
34.868,13.6387221079732,20.0551846037733,0.327864422120842,0
34.968,13.6188511857154,20.1623727674108,0.330344368511306,0
35.069,13.5597609375965,20.3681008849277,0.340381205043914,0
35.169,13.58434032211,20.3248987865207,0.340107483412892,0
35.269,13.5605799937268,20.4518346695265,0.345305697437299,0
35.369,13.5331517373257,20.5681363864977,0.357070249099638,0
35.469,13.5024359347343,20.6773794279931,0.354473860100848,0
35.569,13.4613969734064,20.8010648053389,0.360578033023463,0
35.67,13.4563986494866,20.9028055623224,0.369707403247485,0
35.77,13.3597924872335,21.1086747424909,0.565999011895447,0
35.87,13.2952983439058,21.2152509884364,0.582168453494523,0
35.97,13.3654814793537,21.1661794714233,0.485507878434396,0
36.07,13.3229920222644,21.2933346180106,0.496029018186898,0
36.171,13.3045856053219,21.4089131407646,0.491116888283525,0
36.271,13.2741418051992,21.5111374614474,0.4658885823314,0
36.371,13.2538640658979,21.5974197444188,0.459795451093533,0
36.471,13.2301015510274,21.7353773106324,0.451656403110764,0
36.571,13.2162869735052,21.8296524489316,0.441368453126372,0
36.672,13.1746345838528,21.9717455398518,0.434927916083602,0
36.772,13.1933400100644,22.1549720911675,0.455593628383037,0
36.872,13.2052021801377,22.1450935363977,0.442840787322541,0
36.972,13.1731499341831,22.2495105346064,0.436853726737023,0
37.072,13.15385791957,22.4467021634833,0.433948419909888,0
37.172,13.1552026873035,22.4426922108459,0.433754290215454,0
37.273,13.1194838807181,22.6691418696704,0.428159579768222,0
37.373,13.1119726661544,22.6711402573233,0.425455325208275,0
37.473,13.0860573553573,22.8636847669123,0.412448710643323,0
37.573,13.0861435626583,22.8586156316699,0.412079752399816,0
37.674,13.0630370515172,22.9367955507384,0.421677960775148,0
37.774,13.0625640275299,23.005316937822,0.442397790994864,0
37.874,12.9878087449685,23.170092097089,0.435666508790287,0
37.974,12.9909502818071,23.1721605426684,0.430976508972071,0
38.074,12.9829886303832,23.2753344849304,0.424503736835575,0
38.175,12.9589949445988,23.3764090372278,0.437521392541771,0
38.275,12.9352675361425,23.5693822839163,0.443521776765159,0
38.375,12.9352675361425,23.5693822839163,0.443521776765159,0
38.475,12.9120530883551,23.674376571209,0.459926514172827,0
38.575,12.922227490872,23.7836270934173,0.469457213477939,0
38.675,12.9166362433424,23.8898727398475,0.473578087645309,0
38.776,12.9313769327632,24.011894442862,0.467240839930376,0
38.876,12.9313769327632,24.011894442862,0.467240839930376,0
38.976,12.9467884935078,24.2523176127006,0.477834203192595,0
39.076,12.9467884935078,24.2523176127006,0.477834203192595,0
39.176,12.9442946827835,24.4835938029476,0.462177961551264,0
39.277,12.9342841407442,24.5890702241051,0.458630934754969,0
39.377,12.9199118315374,24.6927926311305,0.457501691385482,0
39.477,12.9199118315374,24.6927926311305,0.457501691385482,0
39.577,12.9234874293758,24.9111192799585,0.45855762452195,0
39.677,12.9302920980677,25.0107036876007,0.450049292065191,0
39.778,12.9450255090603,25.0881710352939,0.446522488880864,0
39.878,12.9397033056071,25.1724291858575,0.410577566282213,0
39.978,12.955054104575,25.25693681616,0.384796305514552,0
40.078,12.9720412015916,25.3393896173853,0.383180537854651,0
40.179,12.9925641308584,25.4310864914196,0.414457025902762,0
40.279,13.0285859604566,25.5267401522383,0.450405823490651,0
40.379,13.047367271708,25.6348544210942,0.465116823749562,0
40.479,13.0863174571453,25.7644457513293,0.489859520410063,0
40.579,13.0863174571453,25.7644457513293,0.489859520410063,0
40.679,13.1513576033206,25.9795772213746,0.53015348804462,0
40.78,13.1885042190854,26.1006283306364,0.589394225107868,0
40.88,13.2209694926553,26.2331558084405,0.648996053489274,0
40.98,13.2555938438827,26.3575876226218,0.673413779546423,0
41.08,13.3134167961642,26.4620603949446,0.691875253015376,0
41.18,13.4003852778084,26.5741320111916,0.735632472926159,0
41.282,13.4578387349737,26.6907789598392,0.682022395166802,0
41.381,13.4956300961079,26.7863581371245,0.637791896226282,0
41.481,13.5246813695359,26.8756062883373,0.594913666701973,0
41.581,13.5227945000848,26.9662395670811,0.544353951102669,0
41.681,13.5530057163879,27.032609319982,0.500787155727824,0
41.782,13.5879133409872,27.1065859429515,0.471668399902696,0
41.882,13.6107633823274,27.1828829732923,0.464408890432637,0
41.982,13.6458590652744,27.2715896811856,0.470034399948437,0
42.084,13.7042022445278,27.3586856484331,0.477666973555746,0
42.182,13.7856594994353,27.4548874225886,0.515721699360509,0
42.283,13.8724276523505,27.5549217074816,0.554586877378293,0
42.383,13.9466993390569,27.6711812153147,0.605313926606092,0
42.483,14.0158877911291,27.7926206363579,0.640474100098097,0
42.583,14.0913668117091,27.8941505695832,0.672466118234529,0
42.683,14.1669437063144,27.998450025404,0.70228629535957,0
42.784,14.2014877328672,28.1075285358008,0.719675654876082,0
42.884,14.2214991699492,28.2066331140028,0.696827642385014,0
42.984,14.2473246211837,28.2954187011424,0.668412182059056,0
43.084,14.2972724571156,28.3596606250467,0.626769587643341,0
43.188,14.3471206421679,28.4497373901762,0.609505202530493,0
43.285,14.4039573968764,28.5343449444583,0.574459277475464,0
43.385,14.4851142966305,28.6305754816704,0.594475562210226,0
43.485,14.5303744690085,28.7151850268462,0.627964842432538,0
43.585,14.5303744690085,28.7151850268462,0.627964842432538,0
43.685,14.6751670202321,28.9193396003642,0.642839685104276,0
43.786,14.7571872939638,29.0207904732643,0.638004618808465,0
43.886,14.8107762453628,29.1253868418973,0.617220272804036,0
43.986,14.8107762453628,29.1253868418973,0.617220272804036,0
44.086,14.9520208278867,29.2948067127246,0.61461268640374,0
44.186,14.9520208278867,29.2948067127246,0.61461268640374,0
44.286,15.0539892844166,29.4904426857028,0.60931850294656,0
44.388,15.143214545242,29.6795019746542,0.670834503496692,0
44.487,15.143214545242,29.6795019746542,0.670834503496692,0
44.587,15.2165244002671,29.7549558067818,0.68382757368504,0
44.687,15.2428713861988,29.813754316997,0.66636780152514,0
44.788,15.2983913371295,29.9181857000406,0.634877768107679,0
44.888,15.3547744083677,30.0171092158973,0.63938456314948,0
44.988,15.4073684080625,30.1201054233756,0.630747735875727,0
45.09,15.4644480726217,30.2076424574229,0.613090164614448,0
45.188,15.4644480726217,30.2076424574229,0.613090164614448,0
45.289,15.5544308273344,30.4046323501035,0.626630618051571,0
45.389,15.5702418366519,30.4673703613772,0.647766702203791,0
45.489,15.6268209160732,30.5644527134937,0.665774192410803,0
45.589,15.6782687863182,30.6662634587192,0.632736528356914,0
45.689,15.7129679675585,30.794394883602,0.657997209606452,0
45.791,15.7710418831756,30.8773177480645,0.660131927828877,0
45.891,15.8047837665323,30.9878101794786,0.668443964993328,0
45.99,15.826059505568,31.0857802128763,0.672049547173177,0
46.09,15.8524087767145,31.2045598297953,0.666897993268907,0
46.19,15.8927142404138,31.2768793550712,0.716465337106758,0
46.29,15.9342137767588,31.3631609583565,0.696101280220548,0
46.391,15.9597266945488,31.4696612027033,0.670531780705458,0
46.493,15.9865008539803,31.5634059955789,0.677934704360683,0
46.591,16.0129365376575,31.6626428215587,0.638390937279179,0
46.691,16.0388561709104,31.7685936554284,0.649227039392344,0
46.791,16.0894036216274,31.8490970372565,0.653030758407947,0
46.892,16.105443844573,31.9917868227701,0.639306330480458,0
46.992,16.132527336498,32.0716694264092,0.678521254531356,0
47.092,16.1472403058101,32.1870790341079,0.681480142700185,0
47.192,16.1472403058101,32.1870790341079,0.681480142700185,0
47.292,16.1930991495022,32.3951117073879,0.700533434908196,0
47.393,16.2145822198527,32.4998197381965,0.696166247166609,0
47.494,16.2408346318884,32.6031197274272,0.705003704627618,0
47.593,16.2872944801678,32.6766335496663,0.70601874521885,0
47.693,16.3022028657776,32.7862986980807,0.709526114847692,0
47.793,16.3319479673872,32.8900048911175,0.691080282798546,0
47.894,16.3319479673872,32.8900048911175,0.691080282798546,0
47.994,16.3744540960632,33.1235361568234,0.698126856877687,0
48.094,16.4040964115006,33.21868060287,0.687485206148936,0
48.197,16.4745202530582,33.4096753671352,0.722048340572469,0
48.294,16.4992638076341,33.5139764021136,0.724270895630348,0
48.395,16.489453559191,33.4893762869701,0.707058976346101,0
48.495,16.5206406410809,33.5973483968967,0.73071698234036,0
48.595,16.5600427018337,33.7095484251349,0.73727094828247,0
48.695,16.597824962927,33.8060795235129,0.754423007311191,0
48.795,16.6153835416914,33.9281517632554,0.72546460406983,0
48.896,16.6361506442974,34.0506862124887,0.712757334211527,0
48.996,16.6611641777727,34.1275196182324,0.729555581065733,0
49.096,16.6887243003064,34.2278427528759,0.716431485862004,0
49.196,16.7187610835489,34.3272207486766,0.719076160522156,0
49.296,16.7517842647843,34.4310742038421,0.724694410574396,0
49.397,16.7773896699644,34.5483757652599,0.721412793476646,0
49.497,16.7918986854097,34.6606550409348,0.734861416711416,0
49.597,16.8307876368601,34.7543559043626,0.741809108664257,0
49.697,16.8553729006208,34.8735659899275,0.736755507384201,0
49.797,16.8848415733344,34.9490234130098,0.751588302733733,0
49.898,16.9082991008361,35.0661533559301,0.757243947461352,0
49.998,16.9331746127212,35.1892919569936,0.738358038785643,0
50.098,16.9715737423689,35.2630568640224,0.736200848748356,0
50.198,16.9999963288981,35.3575235719821,0.722229741688863,0
50.298,17.0258548861308,35.476612139535,0.727218975119763,0
50.399,17.0572252578903,35.577441433885,0.750336373212784,0
50.499,17.0834225747522,35.699819957269,0.736420202084251,0
50.6,17.1066005079764,35.7930591317505,0.737431067352795,0
50.699,17.1372059630006,35.8917142054241,0.748091017813696,0
50.8,17.161958446637,36.0143532332892,0.736549873543241,0
50.9,17.1917460572641,36.1058980626022,0.735356935304073,0
51,17.2291304621558,36.215557796557,0.733175376825278,0
51.1,17.2634478248556,36.2978810960962,0.734106408107667,0
51.2,17.293003789892,36.405625683466,0.738798898161338,0
51.301,17.3433453316244,36.5000117017851,0.731246879527702,0
51.401,17.3795025540688,36.6109303670628,0.732495091572353,0
51.501,17.4173349548297,36.7151850191851,0.734192600774623,0
51.601,17.4604396865026,36.8176912828593,0.736980496605306,0
51.701,17.4994117591947,36.9249228339285,0.752358986103388,0
51.801,17.5215619193384,37.0176298585236,0.756594953879754,0
51.901,17.5667117494117,37.1295824749611,0.742006304724571,0
52.002,17.5979068547023,37.2351834438202,0.754324495001912,0
52.102,17.6292251903325,37.3382042095776,0.739312338877417,0
52.202,17.6581831001047,37.4312277327558,0.766635682444088,0
52.302,17.7151885095907,37.5347341160479,0.753425360714081,0
52.403,17.758034970365,37.6630088187094,0.708052318782984,0
52.503,17.7844549872298,37.7375187416713,0.741949579687782,0
52.603,17.8120297352928,37.822011186506,0.777400328642398,0
52.703,17.8636014363714,37.9179015344799,0.79688365361969,0
52.804,17.9134819871198,38.0312190005517,0.773592747634115,0
52.903,17.9578118656891,38.1157554775442,0.780092092220422,0
53.004,17.9771600767078,38.2259019927404,0.781006808697261,0
53.104,18.037743912779,38.3190376754249,0.794908743176918,0
53.204,18.0613139237935,38.4254448137378,0.766882186089531,0
53.304,18.0717177273011,38.5344041789884,0.777076731381038,0
53.404,18.1139524612928,38.6308472071252,0.78865401364311,0
53.505,18.148728282177,38.738411413576,0.773602678506628,0
53.605,18.1621270078302,38.8510119955079,0.778447266012133,0
53.706,18.2102441733664,38.9443051442952,0.789162752835486,0
53.805,18.2447838332192,39.0392886695502,0.769648815943053,0
53.905,18.2837597653157,39.1438530630781,0.763100287137331,0
54.006,18.3358203183681,39.227027194768,0.770015397228534,0
54.106,18.3661679152189,39.3335399991035,0.774697636140506,0
54.208,18.4066848040998,39.4232816647186,0.769332176313699,0
54.308,18.4458469670123,39.5068643030274,0.773819979485509,0
54.406,18.4708929296137,39.6056471455445,0.768483476859759,0
54.507,18.5233143034423,39.6932541097642,0.775469128065889,0
54.607,18.5589186303736,39.782534242336,0.799598080020802,0
54.707,18.5943410305602,39.9824766890806,0.80116361780707,0
54.807,18.5885107404983,39.9901005510046,0.803306620330246,0
54.908,18.6265180803085,40.0739646688698,0.790973463266752,0
55.008,18.6501514586248,40.2883507127569,0.792701535252331,0
55.108,18.6467440904924,40.2886296830839,0.788991815366047,0
55.208,18.687824377568,40.3875169840832,0.779385973729522,0
55.308,18.7269357416937,40.4967231239183,0.785981229531937,0
55.408,18.7554199244031,40.6113288035679,0.811382508329347,0
55.509,18.7934739417879,40.7105128357187,0.799204789693653,0
55.609,18.8166264039745,40.8123114596902,0.789233199242828,0
55.709,18.8376694030247,40.9170220273445,0.794369155204771,0
55.809,18.8640884697567,41.0373136537183,0.781216401777949,0
55.909,18.912915160031,41.1371008653058,0.785935281548575,0
56.01,18.9786251709335,41.3346503196818,0.786570834131038,0
56.11,18.998729628448,41.4450759717689,0.796959140781131,0
56.21,18.9994345151214,41.4487271234259,0.797346405076148,0
56.31,19.0662139170357,41.6738379045918,0.81689098064998,0
56.41,19.0625346620849,41.6737880711485,0.814184296604129,0
56.511,19.0997489304528,41.7681471077858,0.816078900943092,0
56.611,19.1535320227645,41.9693053219928,0.802741973430094,0
56.711,19.162777155514,42.0846999648927,0.788848995410709,0
56.811,19.1572385720421,42.0846780238208,0.787441279611204,0
56.911,19.1862831310737,42.1674883720598,0.790195490197762,0
57.012,19.2067802978459,42.2788647500617,0.80088048705995,0
57.112,19.241869797395,42.3695731974756,0.786933345845843,0
57.212,19.2455145630323,42.490956467264,0.793873008010646,0
57.314,19.2802195914757,42.6057628833842,0.798492006021107,0
57.412,19.3215057508396,42.6923459613842,0.795708240430729,0
57.513,19.3487496322066,42.8007178280797,0.81365017900942,0
57.613,19.3732813405875,42.9042194955495,0.806899580658634,0
57.713,19.3959795595936,43.0195482307142,0.797422233520424,0
57.813,19.455824007492,43.2375589538962,0.800171171715989,0
57.913,19.4477415767374,43.1949711454848,0.789348243275897,0
58.014,19.5037984262535,43.4357357723418,0.803446162827926,0
58.114,19.4916881309673,43.399182689842,0.819510691458887,0
58.214,19.563030579977,43.6391499921237,0.798786431397676,0
58.314,19.6143269554167,43.7410889971982,0.803172124343768,0
58.414,19.6485270269281,43.8548274176222,0.807135543888901,0
58.514,19.6446246853155,43.8581784275654,0.80560361612721,0
58.615,19.6663352915008,43.9850665522854,0.802089668548468,0
58.715,19.7092047049883,44.1937644834269,0.799572300020782,0
58.816,19.6919161056607,44.1587157608801,0.79242409623677,0
58.916,19.7120270764387,44.2767251791885,0.789083457755043,0
59.015,19.7414290263752,44.3713729865179,0.841921329293892,0
59.116,19.8032550642178,44.557919787638,0.831468782794621,0
59.216,19.7649766772472,44.5368121515976,0.815304833981865,0
59.316,19.7656260171989,44.6611118583093,0.811184644053478,0
59.416,19.7896040591042,44.7471711852274,0.816780823898881,0
59.516,19.8258008484395,44.9496578110208,0.807196257850422,0
59.617,19.7951386763162,44.9440193581706,0.784292881583886,0
59.717,19.8382677934879,45.0198427851813,0.793478336269059,0
59.817,19.8466814250416,45.2389226420593,0.795179192278054,0
59.917,19.8440494805604,45.2485998116367,0.796689009232241,0
60.018,19.8575200845949,45.486077605244,0.788268332183485,0
60.118,19.8671621200645,45.5754099090619,0.821046470409255,0
60.218,19.885244154053,45.7027913446988,0.816465560462144,0
60.319,19.9242881466434,45.7689302573228,0.809712664672578,0
60.418,19.951470653407,45.8836143820345,0.844794893016474,0
60.519,19.964806530231,45.9586189900393,0.833566414356834,0
60.619,19.9467179362072,45.9905493481273,0.804317024545662,0
60.719,19.9595092292239,46.0661453153426,0.820877888409936,0
60.82,19.9582753303879,46.252556746475,0.809682234922426,0
60.919,19.9742040225923,46.3318510153789,0.798186924391323,0
61.019,19.9726469058987,46.4053654861428,0.805555991237673,0
61.121,19.9684521895669,46.5347299866876,0.801103509424804,0
61.22,19.9676088481617,46.6514512390726,0.793416763082105,0
61.32,19.9680926510717,46.6547191399395,0.790163434346569,0
61.42,19.9707919422304,46.8619209088743,0.807955064794168,0
61.52,19.9859125655196,46.9482301774356,0.822409835085475,0
61.621,20.011733465456,47.0666961421955,0.824574161112956,0
61.721,20.032865672228,47.1831123043052,0.8244523196036,0
61.821,20.0493685083025,47.30967423401,0.823177625790611,0
61.922,20.0611411980009,47.4292979336028,0.812005513130259,0
62.021,20.0552036021551,47.5468028269731,0.821825631054988,0
62.122,20.0826508797515,47.6558010875126,0.809242291576586,0
62.222,20.085401222841,47.7717882378174,0.803470028366762,0
62.322,20.0962679189893,47.8929439990684,0.780898864895162,0
62.422,20.1084138574503,47.952246834195,0.792636655264118,0
62.522,20.1242820115848,48.0552928810151,0.791397094188825,0
62.623,20.1367078541032,48.169126127798,0.788221327415754,0
62.723,20.1366743764568,48.2737999313061,0.801625311629324,0
62.823,20.1462277350592,48.4012994508454,0.793774189426205,0
62.923,20.1760997202561,48.4952114126458,0.795675554293908,0
63.023,20.1739659885338,48.6011760927568,0.844822375353508,0
63.124,20.175876039962,48.73333391205,0.828796437369566,0
63.224,20.1992751877082,48.8385109214714,0.844155113936261,0
63.324,20.2207279881703,48.9504985722701,0.831169036192943,0
63.424,20.2320414826567,49.0641784171361,0.806683192480321,0
63.524,20.2420266345798,49.1430486628374,0.814197193266905,0
63.625,20.2357285009991,49.2775153487939,0.783245584794555,0
63.725,20.2505940075099,49.399361397969,0.773833169193233,0
63.825,20.2542461536176,49.4969467485944,0.777012522969878,0
63.925,20.2832889287017,49.5978634598946,0.776083273040504,0
64.025,20.2908257205888,49.700054135374,0.786823028056306,0
64.126,20.3054653334992,49.8129473908339,0.788773716390954,0
64.227,20.32786449986,49.9333938562563,0.786630413736953,0
64.326,20.3413701857091,50.0306211271979,0.794722387004298,0
64.426,20.3553377712978,50.1270820195718,0.814682019611643,0
64.526,20.3696155449647,50.2364926852981,0.801197784774833,0
64.627,20.3874175021796,50.3516718144776,0.795279716016374,0
64.727,20.4048025987737,50.4683428752388,0.786550816936829,0
64.827,20.3994617528451,50.617215655256,0.786452030941854,0
64.928,20.4108237690626,50.7270953312164,0.793313847887247,0
65.027,20.4208402122952,50.8264561051448,0.801134612608834,0
65.128,20.4430721631685,50.9521734684829,0.793813344457159,0
65.228,20.4656413885471,51.0357174529239,0.792048648017006,0
65.328,20.4635749281037,51.1185696241854,0.812439895411098,0
65.428,20.4825400040091,51.2188907986793,0.807303125183801,0
65.528,20.5048006920098,51.3268982804683,0.806364788105222,0
65.631,20.5309432502807,51.456053430009,0.769096564901038,0
65.729,20.5581283808485,51.5796420533187,0.75241731301502,0
65.829,20.5492667750139,51.66630385188,0.764284999521256,0
65.929,20.5369441739744,51.7542170481396,0.781596352064717,0
66.029,20.5460214788797,51.8351127043342,0.792656605040856,0
66.129,20.5496180303487,51.9425308816423,0.793034664964697,0
66.23,20.5675923246488,52.0612759410135,0.790452627800223,0
66.33,20.6055535342194,52.162294496823,0.786107981370244,0
66.43,20.6209080428564,52.2554509477561,0.779714110304415,0
66.531,20.6332849917197,52.341490255725,0.781213981432194,0
66.63,20.6281441125922,52.4463855836304,0.786764438277874,0
66.731,20.6576994123813,52.5692827077436,0.774835222989026,0
66.831,20.6632241013169,52.6857706443789,0.782229693154776,0
66.931,20.6696218865477,52.7895860307275,0.78892641233819,0
67.031,20.6815032046507,52.8780755175948,0.802333212444105,0
67.131,20.6877924815704,52.9913780040243,0.804597469821925,0
67.232,20.7081096682014,53.1194541602509,0.79663628282407,0
67.332,20.7308446508469,53.2464141066323,0.765526036029183,0
67.432,20.7372546196148,53.3388616838054,0.773817841279682,0
67.532,20.7532704575859,53.4352454470352,0.773516040709757,0
67.632,20.755886985137,53.5282676585507,0.781918444284854,0
67.733,20.7524579900006,53.6165785849059,0.800951293088056,0
67.833,20.7537434217894,53.7350859323975,0.785633998150502,0
67.933,20.764452210326,53.8245955819371,0.785087928707247,0
68.034,20.774025268459,53.9242743575935,0.793044193888568,0
68.133,20.7854926969254,54.0371791200418,0.781038510274252,0
68.234,20.7871027477529,54.1233581442649,0.793365365899944,0
68.334,20.7943374886318,54.2368920311622,0.781285139514075,0
68.434,20.8337808449021,54.3473318841293,0.747170158444968,0
68.534,20.8398510999123,54.4487496612774,0.758720486969646,0
68.634,20.8430118514267,54.5529001655114,0.764180223116332,0
68.735,20.8489975972759,54.6624231538123,0.765108909069877,0
68.835,20.8664596909669,54.7593969318342,0.773602094856015,0
68.935,20.8701890616866,54.8772388823758,0.782630176949761,0
69.035,20.8694048708293,54.9837668989206,0.773564589441099,0
69.135,20.8824221433746,55.0822711073291,0.778063270879327,0
69.236,20.900266614197,55.1812577235014,0.768002717943014,0
69.336,20.9018653771634,55.29048211015,0.767923049632172,0
69.436,20.9085048081605,55.3879757714337,0.768817264071893,0
69.537,20.9295574318845,55.502605315977,0.765721505682911,0
69.636,20.9386564971656,55.6199346414441,0.76187917728906,0
69.737,20.9350137769596,55.7065873382187,0.784897676637204,0
69.837,20.9342225360307,55.803335470759,0.787979924526373,0
69.938,20.9465541976799,55.9269460369536,0.770983408018658,0
70.037,20.9668537530988,56.0277333769515,0.769283437406169,0
70.137,20.9879144077578,56.1509239875403,0.75692146862179,0
70.238,20.9864195877352,56.249958871184,0.76306647882981,0
70.338,20.9960292329312,56.3356438402195,0.755777341267112,0
70.438,21.004157107196,56.4434382201164,0.764201807849085,0
70.538,20.9974949210117,56.5595888219375,0.77105852687046,0
70.638,21.0005577919738,56.6476894551804,0.782763435940605,0
70.739,21.0190125445493,56.7533783082283,0.776104394242313,0
70.839,21.0211940681608,56.8653110324297,0.786945970294614,0
70.939,21.0211940681608,56.8653110324297,0.786945970294614,0
71.039,21.066217098607,57.0237140907762,0.782806052874388,0
71.139,21.0928950477401,57.1450402041993,0.767000532838702,0
71.24,21.0998316961686,57.2381872660096,0.774342806529217,0
71.34,21.1036886379441,57.3337724775525,0.768324655536952,0
71.44,21.111524910774,57.440625211091,0.764051648109143,0
71.54,21.111524910774,57.440625211091,0.764051648109143,0
71.64,21.0990616655011,57.629187107137,0.773261732270602,0
71.741,21.100187044732,57.7262492745411,0.782467290390075,0
71.841,21.1103096992209,57.8368823546954,0.787573505571051,0
71.941,21.1329154334054,57.950905759741,0.772213376365654,0
72.041,21.159241272188,58.0606886061212,0.758301908859608,0
72.141,21.154059768558,58.1683423302557,0.752497872167638,0
72.241,21.1398360587629,58.2715228056077,0.762996951222518,0
72.342,21.1228715573116,58.3602847763845,0.775469440691994,0
72.442,21.1078349504725,58.4479413806877,0.780052006272769,0
72.542,21.0986896528525,58.5489509563802,0.774347187320707,0
72.642,21.0894175543476,58.6371613538841,0.781060404663836,0
72.742,21.0894175543476,58.6371613538841,0.781060404663836,0
72.843,21.1233493753324,58.8420754014959,0.779690596321481,0
72.943,21.1263477877224,58.9241267139833,0.799438979182193,0
73.043,21.140872547428,59.0076973126705,0.791978288473757,0
73.143,21.140872547428,59.0076973126705,0.791978288473757,0
73.244,21.1443511836687,59.2254287711614,0.79737009667596,0
73.344,21.1314282919916,59.3427776441137,0.775266369387783,0
73.444,21.1314282919916,59.3427776441137,0.775266369387783,0
73.544,21.1222632472063,59.5401067679765,0.775705007323917,0
73.644,21.1148271247336,59.6461898459105,0.759835215591236,0
73.744,21.1036893514484,59.7585799650431,0.752823355344224,0
73.845,21.1019829615534,59.8250843636501,0.765269247197075,0
73.945,21.0974692365207,59.9418331520687,0.758115407727381,0
74.045,21.0984502893269,60.0333935956608,0.750111497743293,0
74.148,21.0802370559519,60.0992002099084,0.782942802367203,0
74.246,21.072701675062,60.2100725059581,0.769391640421396,0
74.346,21.0696629065943,60.3160711137992,0.770734706890871,0
74.446,21.0586368300761,60.4049161663099,0.779124420827205,0
74.546,21.0534982794218,60.5187740265857,0.750669050884389,0
74.646,21.0439853131975,60.6229857970621,0.761214873899366,0
74.746,21.0368794960333,60.7628443203112,0.766272563137503,0
74.847,21.0368794960333,60.7628443203112,0.766272563137503,0
74.948,21.02486177548,60.9855984934528,0.785156377175812,0
75.047,21.0144270493376,61.1257289482275,0.768119511168144,0
75.147,21.0144270493376,61.1257289482275,0.768119511168144,0
75.247,21.0103622859375,61.3476565187993,0.782502304402842,0
75.348,20.9881186302292,61.470468637739,0.772248728629116,0
75.448,20.9848959475714,61.5820003700481,0.762671330690946,0
75.548,20.9624056474543,61.6951416157288,0.767560536869551,0
75.648,20.9624056474543,61.6951416157288,0.767560536869551,0
75.748,20.9548486143416,61.8149610483736,0.746133405432609,0
75.849,20.9520655078325,62.0180345202924,0.765522142125635,0
75.949,20.9325547097562,62.1439193070846,0.773942192488119,0
76.049,20.9228244689882,62.26497479668,0.766870557141193,0
76.149,20.9215119222238,62.3511293914052,0.7812193151275,0
76.249,20.9239038705448,62.4458414561861,0.774546339733825,0
76.35,20.9001714384299,62.5417231143473,0.778229931236918,0
76.45,20.915543733461,62.65675697579,0.769169443362997,0
76.55,20.915543733461,62.65675697579,0.769169443362997,0
76.65,20.9082829287277,62.8049853131259,0.774533329910699,0
76.75,20.9082829287277,62.8049853131259,0.774533329910699,0
76.851,20.894035361778,63.0153723922688,0.786689605505305,0
76.951,20.894035361778,63.0153723922688,0.786689605505305,0
77.051,20.8636021829512,63.2234749490709,0.798829648114781,0
77.151,20.8656092030665,63.3321730281541,0.775906696663714,0
77.251,20.8586678368555,63.4582033749992,0.773049546905319,0
77.352,20.8586678368555,63.4582033749992,0.773049546905319,0
77.452,20.8229983988515,63.6812005678919,0.763554619304279,0
77.552,20.8151689771833,63.7806588368063,0.767360047628808,0
77.652,20.8151689771833,63.7806588368063,0.767360047628808,0
77.752,20.7946456732096,64.0112829004592,0.776277044283583,0
77.853,20.798907575965,64.1461492211073,0.759041217838235,0
77.954,20.7842134761241,64.2622958948005,0.765885597605309,0
78.053,20.7696240404838,64.3887778882312,0.769685363268981,0
78.153,20.7649681825764,64.4987615570776,0.775649178888076,0
78.253,20.7649681825764,64.4987615570776,0.775649178888076,0
78.354,20.7889930202893,64.6704743477742,0.800706976657882,0
78.454,20.7889930202893,64.6704743477742,0.800706976657882,0
78.554,20.7674108056615,64.8461591270171,0.779625897417818,0
78.654,20.75741100578,64.9668942428926,0.773406456539988,0
78.754,20.7533534548195,65.0825704739073,0.773594575812891,0
78.855,20.7533534548195,65.0825704739073,0.773594575812891,0
78.955,20.7232076350004,65.2837961023876,0.780876743140929,0
79.055,20.7108149752625,65.4167441739463,0.785464947064498,0
79.155,20.6934510564569,65.5360885328207,0.770368321662197,0
79.255,20.6820286923203,65.6362357496198,0.775509003592867,0
79.359,20.6690983159476,65.7578172962826,0.782036220019897,0
79.456,20.6556565918428,65.8824518295605,0.789147228635949,0
79.556,20.6524348672983,65.9861255330592,0.781735607739786,0
79.656,20.6516274314959,66.0907164815442,0.773423120504147,0
79.756,20.6406562472904,66.2106801094577,0.779279490072269,0
79.856,20.637013775762,66.3190751386593,0.779192499520463,0
79.957,20.636908035362,66.4391126620696,0.777549961439088,0
80.057,20.632771291806,66.5591621116695,0.777822447368891,0
80.158,20.6216088332376,66.6315571333461,0.78934248605763,0
80.257,20.6142329435949,66.7193071761614,0.787923237529044,0
80.358,20.6026941894418,66.8268701916836,0.771625641610992,0
80.458,20.6029225390957,66.9112420527543,0.772818163807611,0
80.558,20.5886527150923,67.0195747800834,0.777557326504878,0
80.658,20.5804643995952,67.1349395522235,0.770332673238162,0
80.758,20.574506672563,67.2530806903184,0.769673911557092,0
80.859,20.5593987458566,67.3615237416158,0.771667602156687,0
80.959,20.5591559811198,67.4782582779778,0.777497739719572,0
81.059,20.5433124780534,67.6087659209466,0.781705514021735,0
81.159,20.5433822435129,67.6967509971645,0.798938035157356,0
81.259,20.5351238253559,67.7868254674643,0.78799121664073,0
81.359,20.5297713628366,67.9091492430356,0.777815895040287,0
81.46,20.5284119114402,68.0010390399874,0.779597078768603,0
81.56,20.5357218830066,68.1025732354729,0.793870568436715,0
81.66,20.5255980034407,68.2284682017907,0.785132002882196,0
81.76,20.5099625897084,68.3415820975362,0.779061044708456,0
81.86,20.5052911118129,68.4601326183363,0.775213238355651,0
81.961,20.4857154078804,68.5851747231582,0.7612310130743,0
82.061,20.4833037967876,68.6986040657132,0.772706141098172,0
82.161,20.4625370370256,68.8033100353323,0.775514362709892,0
82.261,20.4641374480633,68.8937121292794,0.764477970316318,0
82.361,20.4570370232364,68.9931212377509,0.763732614395864,0
82.462,20.4469179239293,69.1082177608363,0.765422120651497,0
82.562,20.4465075002348,69.2113908015859,0.76506682547527,0
82.662,20.4371331910284,69.3338281894591,0.76913744849926,0
82.762,20.4270699046148,69.4391951176006,0.775128776230148,0
82.862,20.4084514315696,69.5445148717648,0.790045192837155,0
82.963,20.4099030011255,69.6651613026166,0.788294747282926,0
83.063,20.4058517492759,69.7808595880192,0.776005704172538,0
83.163,20.389978515542,69.8869280101478,0.783079076715131,0
83.263,20.371533441357,70.022313580047,0.795213966062557,0
83.363,20.3756224899418,70.1255290409313,0.783488191523177,0
83.464,20.3628735595207,70.2310800928311,0.786056005540924,0
83.564,20.3753292605809,70.3242749753933,0.77060624733454,0
83.664,20.3579051559502,70.4249909270066,0.77690287706902,0
83.764,20.3552077360444,70.5374967574576,0.777741786206097,0
83.864,20.3412740098269,70.6502533951545,0.767374221610851,0
83.965,20.3232733009872,70.7612463056352,0.782669886869783,0
84.065,20.3118566372996,70.8825714673432,0.786553555386018,0
84.165,20.3009124284314,70.9717951750908,0.787611847335344,0
84.265,20.3173079422423,71.0953585230541,0.780554215155841,0
84.365,20.3074898301269,71.2212737173003,0.781909079448923,0
84.466,20.2874670561296,71.3332371586853,0.79088357510483,0
84.566,20.2878397993404,71.4711771889894,0.792271157557451,0
84.666,20.2713633929685,71.5818958039029,0.78423414102763,0
84.766,20.2826937044249,71.7202663140762,0.783242064924161,0
84.869,20.2879682266277,71.8236306876201,0.795655881240839,0
84.967,20.2680421366239,71.9327766294754,0.789764250881964,0
85.067,20.2615882232011,72.0254916454467,0.792947382636056,0
85.167,20.246802574512,72.1407061996189,0.780256078943229,0
85.267,20.2524998487682,72.2536284621855,0.776031165574763,0
85.367,20.2486013866807,72.3452142738907,0.777324421310594,0
85.471,20.2331602124729,72.4449013005103,0.783214495951641,0
85.568,20.2243543068366,72.5417683831573,0.782808354622004,0
85.668,20.217415739614,72.6582654395114,0.790685059442346,0
85.768,20.2061343847099,72.7584396439662,0.79861516264379,0
85.868,20.2059165497856,72.8643024361448,0.801776958638369,0
85.968,20.1957736822617,72.9828595691782,0.789960818913807,0
86.069,20.1791240697158,73.0714307867919,0.789659437166681,0
86.169,20.2032736868327,73.2083510791509,0.79380328504998,0
86.269,20.2032736868327,73.2083510791509,0.79380328504998,0
86.369,20.211435799798,73.4079497362927,0.802993539373996,0
86.47,20.192950595959,73.5035696267749,0.796382200232701,0
86.57,20.184278644384,73.6127366799324,0.789271292304013,0
86.67,20.1802321908683,73.7241504771487,0.783573728057987,0
86.77,20.1567425997308,73.8333343149628,0.778709438947544,0
86.87,20.1336622397807,73.9390573675911,0.790003180132206,0
86.97,20.1249749024772,74.0616288897935,0.794625889337153,0
87.071,20.1472030862786,74.1896748074329,0.796124057378851,0
87.171,20.1504045607176,74.3027980687753,0.783144884371106,0
87.271,20.141645892982,74.4008295245365,0.799681002731131,0
87.371,20.1469634687353,74.5247465053511,0.796697249272898,0
87.471,20.1269884872763,74.6278807399069,0.787126957107679,0
87.572,20.1344851716075,74.7260096476998,0.785829006160507,0
87.672,20.1300771938435,74.8379292447048,0.787049975535328,0
87.773,20.1225120843097,74.9743575501461,0.789482247250826,0
87.872,20.1309996009375,75.0909185794595,0.784787833358308,0
87.972,20.1309996009375,75.0909185794595,0.784787833358308,0
88.073,20.1011957610031,75.2567871780443,0.776147815303056,0
88.173,20.1102385830025,75.3604848145797,0.769293846058641,0
88.273,20.1243413196069,75.4931753165105,0.797283044138898,0
88.373,20.0970841956733,75.5913454667676,0.808785732459486,0
88.473,20.0978786732633,75.6843425658102,0.798541153021201,0
88.574,20.0999534833547,75.7882902825051,0.78949321543879,0
88.674,20.0896309709244,75.9168487364967,0.78365196794785,0
88.774,20.1053262965519,76.0315964058926,0.791991078412651,0
88.874,20.1001984006361,76.1280084500712,0.794058813193147,0
88.976,20.0920875882068,76.2421139963618,0.795514198877341,0
89.075,20.0987304547038,76.3582339194948,0.787960592215108,0
89.175,20.0913603664264,76.4554143080353,0.785440766454671,0
89.275,20.0879312226395,76.5688379052041,0.791164420717185,0
89.375,20.0814385133634,76.700396803994,0.778910898695215,0
89.475,20.087273676611,76.8104063348132,0.784313328783598,0
89.576,20.0856510300068,76.9179964442449,0.799267997047991,0
89.676,20.0587669047427,77.0173582617241,0.799301044362927,0
89.776,20.0587669047427,77.0173582617241,0.799301044362927,0
89.876,20.0497114455978,77.197544137206,0.805842876619988,0
89.976,20.0245257825951,77.3053737075904,0.801181503668169,0
90.077,20.0111162698837,77.4054706991965,0.795216318543963,0
90.177,19.9983191818212,77.4897191743849,0.790651537745302,0
90.279,19.9887367643642,77.5937292594917,0.799101439491201,0
90.377,19.9439957062131,77.7333350868034,0.80469496578596,0
90.477,19.9872565008879,77.8653216341748,0.814591901923623,0
90.578,19.9689228747309,77.9558744630158,0.818584023674074,0
90.678,19.9488099031259,78.059767569617,0.810377404651105,0
90.778,19.950413145973,78.1710573163938,0.802722025564318,0
90.88,19.9432780447748,78.2959919158134,0.805100841033971,0
90.978,19.9076229350455,78.412026165184,0.802961958369297,0
91.079,19.9244788440795,78.526884526416,0.806186282583124,0
91.179,19.9200758200325,78.6341695762245,0.801971803860639,0
91.279,19.9200758200325,78.6341695762245,0.801971803860639,0
91.379,19.8825388704402,78.8595961746001,0.797431291201097,0
91.479,19.88948195448,78.9697273872596,0.799310717659523,0
91.58,19.88199967792,79.1081237560268,0.819162685360508,0
91.68,19.8560904459531,79.2045309936914,0.803687584480854,0
91.78,19.8578311812808,79.3118551963614,0.816107359998052,0
91.88,19.8432132192117,79.4098409366904,0.821836740007205,0
91.98,19.8300629521726,79.5156236007601,0.813992485420233,0
92.081,19.8437265787031,79.6201006675617,0.829442524712576,0
92.181,19.8498837911463,79.7300792898165,0.829031557281427,0
92.281,19.8433281636455,79.8348950006225,0.811688502224849,0
92.381,19.8359078380985,79.9476670904186,0.822569557228748,0
92.483,19.8267971091925,80.0383695405775,0.813569438029284,0
92.582,19.8206372559487,80.1687445310038,0.826931469991795,0
92.682,19.8088612214914,80.2801876085759,0.809997471709109,0
92.782,19.7966874636143,80.3788034020247,0.801229545083503,0
92.882,19.7921969093325,80.4833729719354,0.815548335650566,0
92.982,19.7944090797479,80.5950230983132,0.803764489031889,0
93.083,19.789820820983,80.7091053316242,0.795859363331815,0
93.184,19.7708691724246,80.840596735771,0.805864560418533,0
93.285,19.7685553410731,80.9418691744092,0.796134884416807,0
93.383,19.7639640411131,81.0459060570374,0.819167027150684,0
93.483,19.7513335796724,81.1516480269398,0.799185141415641,0
93.583,19.7577968028967,81.2532915950079,0.797487165475791,0
93.684,19.7380173784883,81.3732642039548,0.807052069585797,0
93.784,19.7274542881597,81.4821480926237,0.809500136293446,0
93.885,19.7274542881597,81.4821480926237,0.809500136293446,0
93.984,19.7358808820349,81.7337237895029,0.823307171082633,0
94.084,19.7292356951467,81.8440396286793,0.814170155133596,0
94.185,19.7283283014768,81.9582090147076,0.804639633795199,0
94.285,19.6950745313404,82.0763972999222,0.796665796081997,0
94.385,19.6821871550906,82.1791921222359,0.800365109191175,0
94.485,19.6522421404508,82.2959650729844,0.803714712386401,0
94.585,19.6501264545308,82.3933925348642,0.806166427261265,0
94.686,19.6600426618518,82.5026822922159,0.801511690857907,0
94.786,19.6728517883192,82.612257473162,0.799279848458534,0
94.886,19.6623840221799,82.7292725481948,0.820849342103829,0
94.986,19.671967983623,82.8266690555839,0.839212207808853,0
95.086,19.6628634054508,82.928974845428,0.818858554112675,0
95.187,19.6457736431604,83.0390316440865,0.817185350972294,0
95.287,19.6457736431604,83.0390316440865,0.817185350972294,0
95.387,19.6468140246306,83.2613916813416,0.801512048596086,0
95.488,19.6424608660658,83.3815666581501,0.803795965012474,0
95.587,19.6424608660658,83.3815666581501,0.803795965012474,0
95.688,19.6344369780589,83.602385165306,0.790716493229186,0
95.788,19.6291319263292,83.7182499533675,0.795469797815315,0
95.888,19.6240288504034,83.8213925617496,0.786228545860892,0
95.988,19.6240288504034,83.8213925617496,0.786228545860892,0
96.088,19.5974491503031,84.024607972338,0.81326063989898,0
96.189,19.5866771592054,84.1370864653913,0.821347792390269,0
96.289,19.5822233045932,84.2673011399853,0.799915656093857,0
96.389,19.575075265449,84.3826077540303,0.799857742768523,0
96.489,19.5749673214053,84.5178150344316,0.798612099507239,0
96.589,19.5630364631975,84.6240205688424,0.784718901628868,0
96.69,19.5717859726799,84.7503664400968,0.788385568116966,0
96.79,19.5657661429164,84.8582303832211,0.784461506560226,0
96.89,19.5661755475693,84.9650690836213,0.826380847769864,0
96.99,19.5585974813213,85.0688041103661,0.810741199576127,0
97.092,19.5585974813213,85.0688041103661,0.810741199576127,0
97.191,19.5613125214499,85.2728597296544,0.798273114338261,0
97.291,19.5487545428577,85.3796844948171,0.810807809524547,0
97.391,19.5487545428577,85.3796844948171,0.810807809524547,0
97.491,19.5434794699691,85.5872212485079,0.807181650679292,0
97.591,19.5222828841925,85.6894171980216,0.803686272872839,0
97.692,19.5128821923078,85.8038302779202,0.802809554151326,0
97.792,19.5108346533354,85.9138869584107,0.790956090488798,0
97.892,19.5094790895511,86.0280014256529,0.79792029810331,0
97.992,19.5007488417985,86.1290899958782,0.811847968779756,0
98.092,19.4986687468977,86.2361722762099,0.796332480896124,0
98.193,19.5046707930604,86.3431354774855,0.801314156392353,0
98.293,19.5012195634137,86.4439144165,0.789626072584473,0
98.393,19.4963048702266,86.5668452574856,0.796021753565734,0
98.493,19.4962121295523,86.6757846544568,0.80076370242694,0
98.593,19.4962121295523,86.6757846544568,0.80076370242694,0
98.694,19.4783427080856,86.9041229623196,0.814733100635432,0
98.794,19.4771837668919,87.0345879849912,0.818636559781483,0
98.894,19.4664957796829,87.1599778796589,0.831870941694725,0
98.994,19.4724353674167,87.278039260173,0.820856096890839,0
99.094,19.4717099193795,87.3988926750592,0.810017366221335,0
99.195,19.4717099193795,87.3988926750592,0.810017366221335,0
99.295,19.4774855149899,87.6241534698714,0.778052978019252,0
99.395,19.4780785674466,87.7404187973165,0.787432229192178,0
99.495,19.4831648910012,87.8523955042595,0.801460875378561,0
99.595,19.5051826762323,87.963327976119,0.772790516819824,0
99.695,19.5103505296093,88.0752238163243,0.776614426087611,0
99.796,19.513347407763,88.1992464024382,0.784876931582394,0
99.896,19.5124199132823,88.306307827607,0.776130714020355,0
99.996,19.5135882722454,88.4163365106401,0.786922296415399,0
100.096,19.5154496038225,88.5066242635297,0.805830779730612,0
100.196,19.5264953406532,88.5912321563931,0.791737062916794,0
100.297,19.5197625003145,88.6944422035759,0.787874680264439,0
100.397,19.5169657039662,88.8098694509823,0.783023803459961,0
100.497,19.5193125133741,88.9120165202747,0.785923489345183,0
100.597,19.5204104634364,89.0153180884498,0.777221687179276,0
100.697,19.5251092722873,89.1161266146917,0.776975405498727,0
100.798,19.5339147306028,89.217347206126,0.787540969099825,0
100.9,19.5254295734071,89.3379780897533,0.786588275903126,0
100.998,19.5354978725875,89.456995602861,0.779666099380642,0
101.098,19.5343334745316,89.5635389245302,0.772821929981359,0
101.198,19.537918000158,89.6818210299611,0.773528300341438,0
101.299,19.5400151034908,89.8026287831543,0.770609246023515,0
101.399,19.5350476369209,89.9239968156166,0.771788029206842,0
101.499,19.5374627012163,90.032745551032,0.786869100155465,0
101.599,19.5375159538125,90.1281109057088,0.792125128365071,0
101.7,19.5375159538125,90.1281109057088,0.792125128365071,0
101.8,19.5242417285197,90.3720544936333,0.793301786247887,0
101.9,19.5242417285197,90.3720544936333,0.793301786247887,0
102,19.5047973699805,90.6261280692677,0.80503047418181,0
102.1,19.5008859362635,90.7321356116783,0.784073346095909,0
102.2,19.5008859362635,90.7321356116783,0.784073346095909,0
102.301,19.4948792513685,90.9434078652505,0.720477910882323,0
102.401,19.5527424016484,91.123794065816,0.720266652208059,0
102.501,19.5853137033701,91.1872738846401,0.711984340235593,0
102.601,19.609298520798,91.2637186075792,0.726618334362719,0
102.701,19.6302128289286,91.3392389008583,0.738814718289658,0
102.803,19.6433423284172,91.4045136374712,0.754411437163527,0
102.902,19.6433423284172,91.4045136374712,0.754411437163527,0
103.002,19.637209133328,91.4288619803146,0.74896782007396,0
103.102,19.6027401958182,91.4054334549834,0.735401418976768,0
103.202,19.5597325230625,91.3995391609713,0.750739409576765,0
103.303,19.5368242179683,91.3820881216652,0.768104538908067,0
103.403,19.5094387180998,91.3714721391346,0.756304680412741,0
